h_dist_start,h_dist_stop,h_dist_step,v_disp,pw
500,12500,800,-12000,30
500,12500,800,-11200,30
500,12500,800,-10400,30
500,12500,800,-9600,30
500,12500,800,-8800,30
500,12500,800,-8000,30
500,12500,800,-7200,30
500,12500,800,-6400,30
500,12500,800,-5600,30
500,12500,800,-4800,30
500,12500,800,-4000,30
500,12500,800,-3200,30
500,12500,800,-2400,30
500,12500,800,-1600,30
500,12500,800,-800,30
500,12500,800,0,30
500,12500,800,800,30
500,12500,800,1600,30
500,12500,800,2400,30
500,12500,800,3200,30
500,12500,800,4000,30
500,12500,800,4800,30
500,12500,800,5600,30
500,12500,800,6400,30
500,12500,800,7200,30
500,12500,800,8000,30
500,12500,800,8800,30
500,12500,800,9600,30
500,12500,800,10400,30
500,12500,800,11200,30
500,12500,800,12000,30
500,12500,800,-12000,45
500,12500,800,-11200,45
500,12500,800,-10400,45
500,12500,800,-9600,45
500,12500,800,-8800,45
500,12500,800,-8000,45
500,12500,800,-7200,45
500,12500,800,-6400,45
500,12500,800,-5600,45
500,12500,800,-4800,45
500,12500,800,-4000,45
500,12500,800,-3200,45
500,12500,800,-2400,45
500,12500,800,-1600,45
500,12500,800,-800,45
500,12500,800,0,45
500,12500,800,800,45
500,12500,800,1600,45
500,12500,800,2400,45
500,12500,800,3200,45
500,12500,800,4000,45
500,12500,800,4800,45
500,12500,800,5600,45
500,12500,800,6400,45
500,12500,800,7200,45
500,12500,800,8000,45
500,12500,800,8800,45
500,12500,800,9600,45
500,12500,800,10400,45
500,12500,800,11200,45
500,12500,800,12000,45
500,12500,800,-12000,60
500,12500,800,-11200,60
500,12500,800,-10400,60
500,12500,800,-9600,60
500,12500,800,-8800,60
500,12500,800,-8000,60
500,12500,800,-7200,60
500,12500,800,-6400,60
500,12500,800,-5600,60
500,12500,800,-4800,60
500,12500,800,-4000,60
500,12500,800,-3200,60
500,12500,800,-2400,60
500,12500,800,-1600,60
500,12500,800,-800,60
500,12500,800,0,60
500,12500,800,800,60
500,12500,800,1600,60
500,12500,800,2400,60
500,12500,800,3200,60
500,12500,800,4000,60
500,12500,800,4800,60
500,12500,800,5600,60
500,12500,800,6400,60
500,12500,800,7200,60
500,12500,800,8000,60
500,12500,800,8800,60
500,12500,800,9600,60
500,12500,800,10400,60
500,12500,800,11200,60
500,12500,800,12000,60
500,12500,800,-12000,75
500,12500,800,-11200,75
500,12500,800,-10400,75
500,12500,800,-9600,75
500,12500,800,-8800,75
500,12500,800,-8000,75
500,12500,800,-7200,75
500,12500,800,-6400,75
500,12500,800,-5600,75
500,12500,800,-4800,75
500,12500,800,-4000,75
500,12500,800,-3200,75
500,12500,800,-2400,75
500,12500,800,-1600,75
500,12500,800,-800,75
500,12500,800,0,75
500,12500,800,800,75
500,12500,800,1600,75
500,12500,800,2400,75
500,12500,800,3200,75
500,12500,800,4000,75
500,12500,800,4800,75
500,12500,800,5600,75
500,12500,800,6400,75
500,12500,800,7200,75
500,12500,800,8000,75
500,12500,800,8800,75
500,12500,800,9600,75
500,12500,800,10400,75
500,12500,800,11200,75
500,12500,800,12000,75
500,12500,800,-12000,90
500,12500,800,-11200,90
500,12500,800,-10400,90
500,12500,800,-9600,90
500,12500,800,-8800,90
500,12500,800,-8000,90
500,12500,800,-7200,90
500,12500,800,-6400,90
500,12500,800,-5600,90
500,12500,800,-4800,90
500,12500,800,-4000,90
500,12500,800,-3200,90
500,12500,800,-2400,90
500,12500,800,-1600,90
500,12500,800,-800,90
500,12500,800,0,90
500,12500,800,800,90
500,12500,800,1600,90
500,12500,800,2400,90
500,12500,800,3200,90
500,12500,800,4000,90
500,12500,800,4800,90
500,12500,800,5600,90
500,12500,800,6400,90
500,12500,800,7200,90
500,12500,800,8000,90
500,12500,800,8800,90
500,12500,800,9600,90
500,12500,800,10400,90
500,12500,800,11200,90
500,12500,800,12000,90
500,12500,800,-12000,105
500,12500,800,-11200,105
500,12500,800,-10400,105
500,12500,800,-9600,105
500,12500,800,-8800,105
500,12500,800,-8000,105
500,12500,800,-7200,105
500,12500,800,-6400,105
500,12500,800,-5600,105
500,12500,800,-4800,105
500,12500,800,-4000,105
500,12500,800,-3200,105
500,12500,800,-2400,105
500,12500,800,-1600,105
500,12500,800,-800,105
500,12500,800,0,105
500,12500,800,800,105
500,12500,800,1600,105
500,12500,800,2400,105
500,12500,800,3200,105
500,12500,800,4000,105
500,12500,800,4800,105
500,12500,800,5600,105
500,12500,800,6400,105
500,12500,800,7200,105
500,12500,800,8000,105
500,12500,800,8800,105
500,12500,800,9600,105
500,12500,800,10400,105
500,12500,800,11200,105
500,12500,800,12000,105
500,12500,800,-12000,120
500,12500,800,-11200,120
500,12500,800,-10400,120
500,12500,800,-9600,120
500,12500,800,-8800,120
500,12500,800,-8000,120
500,12500,800,-7200,120
500,12500,800,-6400,120
500,12500,800,-5600,120
500,12500,800,-4800,120
500,12500,800,-4000,120
500,12500,800,-3200,120
500,12500,800,-2400,120
500,12500,800,-1600,120
500,12500,800,-800,120
500,12500,800,0,120
500,12500,800,800,120
500,12500,800,1600,120
500,12500,800,2400,120
500,12500,800,3200,120
500,12500,800,4000,120
500,12500,800,4800,120
500,12500,800,5600,120
500,12500,800,6400,120
500,12500,800,7200,120
500,12500,800,8000,120
500,12500,800,8800,120
500,12500,800,9600,120
500,12500,800,10400,120
500,12500,800,11200,120
500,12500,800,12000,120
500,12500,800,-12000,135
500,12500,800,-11200,135
500,12500,800,-10400,135
500,12500,800,-9600,135
500,12500,800,-8800,135
500,12500,800,-8000,135
500,12500,800,-7200,135
500,12500,800,-6400,135
500,12500,800,-5600,135
500,12500,800,-4800,135
500,12500,800,-4000,135
500,12500,800,-3200,135
500,12500,800,-2400,135
500,12500,800,-1600,135
500,12500,800,-800,135
500,12500,800,0,135
500,12500,800,800,135
500,12500,800,1600,135
500,12500,800,2400,135
500,12500,800,3200,135
500,12500,800,4000,135
500,12500,800,4800,135
500,12500,800,5600,135
500,12500,800,6400,135
500,12500,800,7200,135
500,12500,800,8000,135
500,12500,800,8800,135
500,12500,800,9600,135
500,12500,800,10400,135
500,12500,800,11200,135
500,12500,800,12000,135
500,12500,800,-12000,150
500,12500,800,-11200,150
500,12500,800,-10400,150
500,12500,800,-9600,150
500,12500,800,-8800,150
500,12500,800,-8000,150
500,12500,800,-7200,150
500,12500,800,-6400,150
500,12500,800,-5600,150
500,12500,800,-4800,150
500,12500,800,-4000,150
500,12500,800,-3200,150
500,12500,800,-2400,150
500,12500,800,-1600,150
500,12500,800,-800,150
500,12500,800,0,150
500,12500,800,800,150
500,12500,800,1600,150
500,12500,800,2400,150
500,12500,800,3200,150
500,12500,800,4000,150
500,12500,800,4800,150
500,12500,800,5600,150
500,12500,800,6400,150
500,12500,800,7200,150
500,12500,800,8000,150
500,12500,800,8800,150
500,12500,800,9600,150
500,12500,800,10400,150
500,12500,800,11200,150
500,12500,800,12000,150
500,12500,800,-12000,175
500,12500,800,-11200,175
500,12500,800,-10400,175
500,12500,800,-9600,175
500,12500,800,-8800,175
500,12500,800,-8000,175
500,12500,800,-7200,175
500,12500,800,-6400,175
500,12500,800,-5600,175
500,12500,800,-4800,175
500,12500,800,-4000,175
500,12500,800,-3200,175
500,12500,800,-2400,175
500,12500,800,-1600,175
500,12500,800,-800,175
500,12500,800,0,175
500,12500,800,800,175
500,12500,800,1600,175
500,12500,800,2400,175
500,12500,800,3200,175
500,12500,800,4000,175
500,12500,800,4800,175
500,12500,800,5600,175
500,12500,800,6400,175
500,12500,800,7200,175
500,12500,800,8000,175
500,12500,800,8800,175
500,12500,800,9600,175
500,12500,800,10400,175
500,12500,800,11200,175
500,12500,800,12000,175
500,12500,800,-12000,200
500,12500,800,-11200,200
500,12500,800,-10400,200
500,12500,800,-9600,200
500,12500,800,-8800,200
500,12500,800,-8000,200
500,12500,800,-7200,200
500,12500,800,-6400,200
500,12500,800,-5600,200
500,12500,800,-4800,200
500,12500,800,-4000,200
500,12500,800,-3200,200
500,12500,800,-2400,200
500,12500,800,-1600,200
500,12500,800,-800,200
500,12500,800,0,200
500,12500,800,800,200
500,12500,800,1600,200
500,12500,800,2400,200
500,12500,800,3200,200
500,12500,800,4000,200
500,12500,800,4800,200
500,12500,800,5600,200
500,12500,800,6400,200
500,12500,800,7200,200
500,12500,800,8000,200
500,12500,800,8800,200
500,12500,800,9600,200
500,12500,800,10400,200
500,12500,800,11200,200
500,12500,800,12000,200
500,12500,800,-12000,225
500,12500,800,-11200,225
500,12500,800,-10400,225
500,12500,800,-9600,225
500,12500,800,-8800,225
500,12500,800,-8000,225
500,12500,800,-7200,225
500,12500,800,-6400,225
500,12500,800,-5600,225
500,12500,800,-4800,225
500,12500,800,-4000,225
500,12500,800,-3200,225
500,12500,800,-2400,225
500,12500,800,-1600,225
500,12500,800,-800,225
500,12500,800,0,225
500,12500,800,800,225
500,12500,800,1600,225
500,12500,800,2400,225
500,12500,800,3200,225
500,12500,800,4000,225
500,12500,800,4800,225
500,12500,800,5600,225
500,12500,800,6400,225
500,12500,800,7200,225
500,12500,800,8000,225
500,12500,800,8800,225
500,12500,800,9600,225
500,12500,800,10400,225
500,12500,800,11200,225
500,12500,800,12000,225
500,12500,800,-12000,250
500,12500,800,-11200,250
500,12500,800,-10400,250
500,12500,800,-9600,250
500,12500,800,-8800,250
500,12500,800,-8000,250
500,12500,800,-7200,250
500,12500,800,-6400,250
500,12500,800,-5600,250
500,12500,800,-4800,250
500,12500,800,-4000,250
500,12500,800,-3200,250
500,12500,800,-2400,250
500,12500,800,-1600,250
500,12500,800,-800,250
500,12500,800,0,250
500,12500,800,800,250
500,12500,800,1600,250
500,12500,800,2400,250
500,12500,800,3200,250
500,12500,800,4000,250
500,12500,800,4800,250
500,12500,800,5600,250
500,12500,800,6400,250
500,12500,800,7200,250
500,12500,800,8000,250
500,12500,800,8800,250
500,12500,800,9600,250
500,12500,800,10400,250
500,12500,800,11200,250
500,12500,800,12000,250
500,12500,800,-12000,275
500,12500,800,-11200,275
500,12500,800,-10400,275
500,12500,800,-9600,275
500,12500,800,-8800,275
500,12500,800,-8000,275
500,12500,800,-7200,275
500,12500,800,-6400,275
500,12500,800,-5600,275
500,12500,800,-4800,275
500,12500,800,-4000,275
500,12500,800,-3200,275
500,12500,800,-2400,275
500,12500,800,-1600,275
500,12500,800,-800,275
500,12500,800,0,275
500,12500,800,800,275
500,12500,800,1600,275
500,12500,800,2400,275
500,12500,800,3200,275
500,12500,800,4000,275
500,12500,800,4800,275
500,12500,800,5600,275
500,12500,800,6400,275
500,12500,800,7200,275
500,12500,800,8000,275
500,12500,800,8800,275
500,12500,800,9600,275
500,12500,800,10400,275
500,12500,800,11200,275
500,12500,800,12000,275
500,12500,800,-12000,300
500,12500,800,-11200,300
500,12500,800,-10400,300
500,12500,800,-9600,300
500,12500,800,-8800,300
500,12500,800,-8000,300
500,12500,800,-7200,300
500,12500,800,-6400,300
500,12500,800,-5600,300
500,12500,800,-4800,300
500,12500,800,-4000,300
500,12500,800,-3200,300
500,12500,800,-2400,300
500,12500,800,-1600,300
500,12500,800,-800,300
500,12500,800,0,300
500,12500,800,800,300
500,12500,800,1600,300
500,12500,800,2400,300
500,12500,800,3200,300
500,12500,800,4000,300
500,12500,800,4800,300
500,12500,800,5600,300
500,12500,800,6400,300
500,12500,800,7200,300
500,12500,800,8000,300
500,12500,800,8800,300
500,12500,800,9600,300
500,12500,800,10400,300
500,12500,800,11200,300
500,12500,800,12000,300
500,12500,800,-12000,350
500,12500,800,-11200,350
500,12500,800,-10400,350
500,12500,800,-9600,350
500,12500,800,-8800,350
500,12500,800,-8000,350
500,12500,800,-7200,350
500,12500,800,-6400,350
500,12500,800,-5600,350
500,12500,800,-4800,350
500,12500,800,-4000,350
500,12500,800,-3200,350
500,12500,800,-2400,350
500,12500,800,-1600,350
500,12500,800,-800,350
500,12500,800,0,350
500,12500,800,800,350
500,12500,800,1600,350
500,12500,800,2400,350
500,12500,800,3200,350
500,12500,800,4000,350
500,12500,800,4800,350
500,12500,800,5600,350
500,12500,800,6400,350
500,12500,800,7200,350
500,12500,800,8000,350
500,12500,800,8800,350
500,12500,800,9600,350
500,12500,800,10400,350
500,12500,800,11200,350
500,12500,800,12000,350
500,12500,800,-12000,400
500,12500,800,-11200,400
500,12500,800,-10400,400
500,12500,800,-9600,400
500,12500,800,-8800,400
500,12500,800,-8000,400
500,12500,800,-7200,400
500,12500,800,-6400,400
500,12500,800,-5600,400
500,12500,800,-4800,400
500,12500,800,-4000,400
500,12500,800,-3200,400
500,12500,800,-2400,400
500,12500,800,-1600,400
500,12500,800,-800,400
500,12500,800,0,400
500,12500,800,800,400
500,12500,800,1600,400
500,12500,800,2400,400
500,12500,800,3200,400
500,12500,800,4000,400
500,12500,800,4800,400
500,12500,800,5600,400
500,12500,800,6400,400
500,12500,800,7200,400
500,12500,800,8000,400
500,12500,800,8800,400
500,12500,800,9600,400
500,12500,800,10400,400
500,12500,800,11200,400
500,12500,800,12000,400
500,12500,800,-12000,450
500,12500,800,-11200,450
500,12500,800,-10400,450
500,12500,800,-9600,450
500,12500,800,-8800,450
500,12500,800,-8000,450
500,12500,800,-7200,450
500,12500,800,-6400,450
500,12500,800,-5600,450
500,12500,800,-4800,450
500,12500,800,-4000,450
500,12500,800,-3200,450
500,12500,800,-2400,450
500,12500,800,-1600,450
500,12500,800,-800,450
500,12500,800,0,450
500,12500,800,800,450
500,12500,800,1600,450
500,12500,800,2400,450
500,12500,800,3200,450
500,12500,800,4000,450
500,12500,800,4800,450
500,12500,800,5600,450
500,12500,800,6400,450
500,12500,800,7200,450
500,12500,800,8000,450
500,12500,800,8800,450
500,12500,800,9600,450
500,12500,800,10400,450
500,12500,800,11200,450
500,12500,800,12000,450
500,12500,800,-12000,500
500,12500,800,-11200,500
500,12500,800,-10400,500
500,12500,800,-9600,500
500,12500,800,-8800,500
500,12500,800,-8000,500
500,12500,800,-7200,500
500,12500,800,-6400,500
500,12500,800,-5600,500
500,12500,800,-4800,500
500,12500,800,-4000,500
500,12500,800,-3200,500
500,12500,800,-2400,500
500,12500,800,-1600,500
500,12500,800,-800,500
500,12500,800,0,500
500,12500,800,800,500
500,12500,800,1600,500
500,12500,800,2400,500
500,12500,800,3200,500
500,12500,800,4000,500
500,12500,800,4800,500
500,12500,800,5600,500
500,12500,800,6400,500
500,12500,800,7200,500
500,12500,800,8000,500
500,12500,800,8800,500
500,12500,800,9600,500
500,12500,800,10400,500
500,12500,800,11200,500
500,12500,800,12000,500
